NO;DATE;GULAPASIRLOKAL
1;01/01/2018;11600
2;02/01/2018;12650
3;03/01/2018;12650
4;04/01/2018;12650
5;05/01/2018;12650
6;08/01/2018;12650
7;09/01/2018;12650
8;10/01/2018;12650
9;11/01/2018;12650
10;12/01/2018;12650
11;15/01/2018;12650
12;16/01/2018;12600
13;17/01/2018;12600
14;18/01/2018;12600
15;19/01/2018;12550
16;22/01/2018;12600
17;23/01/2018;12600
18;24/01/2018;12550
19;25/01/2018;12550
20;26/01/2018;12550
21;29/01/2018;12550
22;30/01/2018;12550
23;31/01/2018;12550
24;01/02/2018;12550
25;02/02/2018;12550
26;05/02/2018;12550
27;06/02/2018;12550
28;07/02/2018;12550
29;08/02/2018;12550
30;09/02/2018;12600
31;12/02/2018;12600
32;13/02/2018;12600
33;14/02/2018;12600
34;15/02/2018;12600
35;16/02/2018;12050
36;19/02/2018;12600
37;20/02/2018;12600
38;21/02/2018;12600
39;22/02/2018;12550
40;23/02/2018;12550
41;26/02/2018;12550
42;27/02/2018;12550
43;28/02/2018;12550
44;01/03/2018;12550
45;02/03/2018;12550
46;05/03/2018;12550
47;06/03/2018;12550
48;07/03/2018;12550
49;08/03/2018;12550
50;09/03/2018;12550
51;12/03/2018;12550
52;13/03/2018;12550
53;14/03/2018;12550
54;15/03/2018;12550
55;16/03/2018;12500
56;19/03/2018;12550
57;20/03/2018;12550
58;21/03/2018;12550
59;22/03/2018;12550
60;23/03/2018;12550
61;26/03/2018;12550
62;27/03/2018;12550
63;28/03/2018;12550
64;29/03/2018;12550
65;30/03/2018;11900
66;02/04/2018;12550
67;03/04/2018;12550
68;04/04/2018;12550
69;05/04/2018;12550
70;06/04/2018;12550
71;09/04/2018;12550
72;10/04/2018;12550
73;11/04/2018;12550
74;12/04/2018;12550
75;13/04/2018;12600
76;16/04/2018;12600
77;17/04/2018;12600
78;18/04/2018;12600
79;19/04/2018;12600
80;20/04/2018;12600
81;23/04/2018;12600
82;24/04/2018;12600
83;25/04/2018;12550
84;26/04/2018;12550
85;27/04/2018;12550
86;30/04/2018;12600
87;01/05/2018;13550
88;02/05/2018;12600
89;03/05/2018;12550
90;04/05/2018;12550
91;07/05/2018;12550
92;08/05/2018;12550
93;09/05/2018;12550
94;10/05/2018;13550
95;11/05/2018;12550
96;14/05/2018;12550
97;15/05/2018;12550
98;16/05/2018;12550
99;17/05/2018;12550
100;18/05/2018;12550
101;21/05/2018;12550
102;22/05/2018;12550
103;23/05/2018;12550
104;24/05/2018;12600
105;25/05/2018;12600
106;28/05/2018;12550
107;29/05/2018;13500
108;30/05/2018;12600
109;31/05/2018;12550
110;01/06/2018;-
111;04/06/2018;12550
112;05/06/2018;12550
113;06/06/2018;12550
114;07/06/2018;12550
115;08/06/2018;12550
116;11/06/2018;12550
117;12/06/2018;12550
118;13/06/2018;12550
119;14/06/2018;-
120;15/06/2018;-
121;18/06/2018;12550
122;19/06/2018;12550
123;20/06/2018;12550
124;21/06/2018;12550
125;22/06/2018;12550
126;25/06/2018;12550
127;26/06/2018;12550
128;27/06/2018;-
129;28/06/2018;12550
130;29/06/2018;12550
131;02/07/2018;12500
132;03/07/2018;12500
133;04/07/2018;12500
134;05/07/2018;12500
135;06/07/2018;12500
136;09/07/2018;12500
137;10/07/2018;12500
138;11/07/2018;12500
139;12/07/2018;12500
140;13/07/2018;12500
141;16/07/2018;12500
142;17/07/2018;12450
143;18/07/2018;12500
144;19/07/2018;12450
145;20/07/2018;12450
146;23/07/2018;12450
147;24/07/2018;12450
148;25/07/2018;12450
149;26/07/2018;12450
150;27/07/2018;12450
151;30/07/2018;12450
152;31/07/2018;12450
153;01/08/2018;12450
154;02/08/2018;12450
155;03/08/2018;12400
156;06/08/2018;12450
157;07/08/2018;12400
158;08/08/2018;12400
159;09/08/2018;12400
160;10/08/2018;12350
161;13/08/2018;12400
162;14/08/2018;12350
163;15/08/2018;12350
164;16/08/2018;12400
165;17/08/2018;12800
166;20/08/2018;12350
167;21/08/2018;12350
168;22/08/2018;11800
169;23/08/2018;12350
170;24/08/2018;12350
171;27/08/2018;12300
172;28/08/2018;12300
173;29/08/2018;12300
174;30/08/2018;12300
175;31/08/2018;12300
176;03/09/2018;12300
177;04/09/2018;12300
178;05/09/2018;12300
179;06/09/2018;12300
180;07/09/2018;12250
181;10/09/2018;12250
182;11/09/2018;13150
183;12/09/2018;12200
184;13/09/2018;12250
185;14/09/2018;12200
186;17/09/2018;12200
187;18/09/2018;12200
188;19/09/2018;12150
189;20/09/2018;12150
190;21/09/2018;12150
191;24/09/2018;12150
192;25/09/2018;12100
193;26/09/2018;12150
194;27/09/2018;12150
195;28/09/2018;12100
196;01/10/2018;12100
197;02/10/2018;12100
198;03/10/2018;12100
199;04/10/2018;12100
200;05/10/2018;12100
201;08/10/2018;12100
202;09/10/2018;12100
203;10/10/2018;12100
204;11/10/2018;12100
205;12/10/2018;12100
206;15/10/2018;12100
207;16/10/2018;12050
208;17/10/2018;12100
209;18/10/2018;12050
210;19/10/2018;12050
211;22/10/2018;12050
212;23/10/2018;12000
213;24/10/2018;12000
214;25/10/2018;12050
215;26/10/2018;12050
216;29/10/2018;12000
217;30/10/2018;12050
218;31/10/2018;12000
219;01/11/2018;12000
220;02/11/2018;12000
221;05/11/2018;12000
222;06/11/2018;12000
223;07/11/2018;12000
224;08/11/2018;12000
225;09/11/2018;12000
226;12/11/2018;11950
227;13/11/2018;11950
228;14/11/2018;12000
229;15/11/2018;11950
230;16/11/2018;11950
231;19/11/2018;11950
232;20/11/2018;12800
233;21/11/2018;11950
234;22/11/2018;11950
235;23/11/2018;11950
236;26/11/2018;11900
237;27/11/2018;11900
238;28/11/2018;11900
239;29/11/2018;11900
240;30/11/2018;11900
241;03/12/2018;11900
242;04/12/2018;11900
243;05/12/2018;11900
244;06/12/2018;11900
245;07/12/2018;11850
246;10/12/2018;11850
247;11/12/2018;11850
248;12/12/2018;11850
249;13/12/2018;11850
250;14/12/2018;11900
251;17/12/2018;11800
252;18/12/2018;11750
253;19/12/2018;11800
254;20/12/2018;11800
255;21/12/2018;11800
256;24/12/2018;11450
257;25/12/2018;10700
258;26/12/2018;11850
259;27/12/2018;11800
260;28/12/2018;11800
261;31/12/2018;11800
262;01/01/2019;11100
263;02/01/2019;11800
264;03/01/2019;11800
265;04/01/2019;11800
266;07/01/2019;11800
267;08/01/2019;11750
268;09/01/2019;11750
269;10/01/2019;11750
270;11/01/2019;11800
271;14/01/2019;11750
272;15/01/2019;11750
273;16/01/2019;11750
274;17/01/2019;11800
275;18/01/2019;11800
276;21/01/2019;11800
277;22/01/2019;11800
278;23/01/2019;11750
279;24/01/2019;11750
280;25/01/2019;11750
281;28/01/2019;11750
282;29/01/2019;11750
283;30/01/2019;11750
284;31/01/2019;11750
285;01/02/2019;11750
286;04/02/2019;11750
287;05/02/2019;10550
288;06/02/2019;11750
289;07/02/2019;11750
290;08/02/2019;11750
291;11/02/2019;11750
292;12/02/2019;11750
293;13/02/2019;11750
294;14/02/2019;11750
295;15/02/2019;11750
296;18/02/2019;11750
297;19/02/2019;11750
298;20/02/2019;11750
299;21/02/2019;11800
300;22/02/2019;11800
301;25/02/2019;11850
302;26/02/2019;11900
303;27/02/2019;11900
304;28/02/2019;11900
305;01/03/2019;11900
306;04/03/2019;11950
307;05/03/2019;11950
308;06/03/2019;11950
309;07/03/2019;11750
310;08/03/2019;11950
311;11/03/2019;12000
312;12/03/2019;12000
313;13/03/2019;12000
314;14/03/2019;12050
315;15/03/2019;12000
316;18/03/2019;12050
317;19/03/2019;12050
318;20/03/2019;12000
319;21/03/2019;12050
320;22/03/2019;12050
321;25/03/2019;12050
322;26/03/2019;12050
323;27/03/2019;12050
324;28/03/2019;12050
325;29/03/2019;12050
326;01/04/2019;12100
327;02/04/2019;12100
328;03/04/2019;12950
329;04/04/2019;12100
330;05/04/2019;12100
331;08/04/2019;12100
332;09/04/2019;12100
333;10/04/2019;12100
334;11/04/2019;12100
335;12/04/2019;12100
336;15/04/2019;12150
337;16/04/2019;12150
338;17/04/2019;12350
339;18/04/2019;12150
340;19/04/2019;11000
341;22/04/2019;12150
342;23/04/2019;12150
343;24/04/2019;12150
344;25/04/2019;12150
345;26/04/2019;12200
346;29/04/2019;12300
347;30/04/2019;12400
348;01/05/2019;12850
349;02/05/2019;12500
350;03/05/2019;12550
351;06/05/2019;12700
352;07/05/2019;12750
353;08/05/2019;12750
354;09/05/2019;12800
355;10/05/2019;12800
356;13/05/2019;12850
357;14/05/2019;12900
358;15/05/2019;12900
359;16/05/2019;12900
360;17/05/2019;12900
361;20/05/2019;12950
362;21/05/2019;12950
363;22/05/2019;12950
364;23/05/2019;13000
365;24/05/2019;13000
366;27/05/2019;13000
367;28/05/2019;13000
368;29/05/2019;13000
369;30/05/2019;12500
370;31/05/2019;13000
371;03/06/2019;13050
372;04/06/2019;13050
373;05/06/2019;-
374;06/06/2019;13000
375;07/06/2019;13200
376;10/06/2019;13050
377;11/06/2019;13050
378;12/06/2019;13050
379;13/06/2019;13050
380;14/06/2019;13050
381;17/06/2019;13050
382;18/06/2019;13000
383;19/06/2019;13000
384;20/06/2019;13000
385;21/06/2019;13000
386;24/06/2019;13000
387;25/06/2019;13000
388;26/06/2019;13000
389;27/06/2019;13000
390;28/06/2019;13000
391;01/07/2019;13000
392;02/07/2019;13000
393;03/07/2019;13000
394;04/07/2019;13000
395;05/07/2019;13000
396;08/07/2019;13000
397;09/07/2019;13000
398;10/07/2019;13000
399;11/07/2019;13000
400;12/07/2019;13000
401;15/07/2019;12950
402;16/07/2019;13000
403;17/07/2019;13000
404;18/07/2019;13000
405;19/07/2019;13000
406;22/07/2019;12950
407;23/07/2019;12950
408;24/07/2019;12950
409;25/07/2019;12950
410;26/07/2019;12950
411;29/07/2019;12950
412;30/07/2019;12900
413;31/07/2019;12900
414;01/08/2019;12900
415;02/08/2019;12900
416;05/08/2019;12900
417;06/08/2019;12900
418;07/08/2019;12900
419;08/08/2019;12900
420;09/08/2019;12900
421;12/08/2019;12900
422;13/08/2019;12900
423;14/08/2019;12850
424;15/08/2019;12900
425;16/08/2019;12850
426;19/08/2019;12900
427;20/08/2019;12850
428;21/08/2019;12900
429;22/08/2019;12900
430;23/08/2019;12900
431;26/08/2019;12850
432;27/08/2019;12850
433;28/08/2019;12850
434;29/08/2019;12850
435;30/08/2019;12850
436;02/09/2019;12900
437;03/09/2019;12900
438;04/09/2019;12900
439;05/09/2019;12850
440;06/09/2019;12850
441;09/09/2019;12850
442;10/09/2019;12850
443;11/09/2019;12850
444;12/09/2019;12850
445;13/09/2019;12850
446;16/09/2019;12850
447;17/09/2019;12850
448;18/09/2019;12850
449;19/09/2019;12850
450;20/09/2019;12850
451;23/09/2019;12850
452;24/09/2019;12850
453;25/09/2019;12850
454;26/09/2019;12850
455;27/09/2019;12850
456;30/09/2019;12850
457;01/10/2019;12850
458;02/10/2019;12850
459;03/10/2019;12900
460;04/10/2019;12900
461;07/10/2019;12850
462;08/10/2019;12850
463;09/10/2019;12850
464;10/10/2019;12850
465;11/10/2019;12850
466;14/10/2019;12900
467;15/10/2019;12900
468;16/10/2019;12950
469;17/10/2019;12950
470;18/10/2019;12950
471;21/10/2019;12950
472;22/10/2019;13000
473;23/10/2019;13000
474;24/10/2019;13000
475;25/10/2019;13000
476;28/10/2019;13050
477;29/10/2019;13050
478;30/10/2019;13050
479;31/10/2019;13050
480;01/11/2019;13050
481;04/11/2019;13050
482;05/11/2019;13050
483;06/11/2019;13050
484;07/11/2019;13050
485;08/11/2019;13050
486;11/11/2019;13050
487;12/11/2019;13050
488;13/11/2019;13000
489;14/11/2019;13050
490;15/11/2019;13050
491;18/11/2019;13050
492;19/11/2019;13050
493;20/11/2019;13050
494;21/11/2019;13050
495;22/11/2019;13050
496;25/11/2019;13050
497;26/11/2019;13050
498;27/11/2019;13050
499;28/11/2019;13050
500;29/11/2019;13050
501;02/12/2019;13050
502;03/12/2019;13050
503;04/12/2019;13050
504;05/12/2019;13050
505;06/12/2019;13050
506;09/12/2019;13050
507;10/12/2019;13100
508;11/12/2019;13100
509;12/12/2019;13100
510;13/12/2019;13100
511;16/12/2019;13100
512;17/12/2019;13100
513;18/12/2019;13150
514;19/12/2019;13150
515;20/12/2019;13150
516;23/12/2019;13150
517;24/12/2019;13150
518;25/12/2019;13250
519;26/12/2019;13200
520;27/12/2019;13200
521;30/12/2019;13200
522;31/12/2019;13250
523;01/01/2020;-
524;02/01/2020;13300
525;03/01/2020;13250
526;06/01/2020;13350
527;07/01/2020;13350
528;08/01/2020;13400
529;09/01/2020;13400
530;10/01/2020;13450
531;13/01/2020;13750
532;14/01/2020;13800
533;15/01/2020;13850
534;16/01/2020;13900
535;17/01/2020;13900
536;20/01/2020;13950
537;21/01/2020;14000
538;22/01/2020;14000
539;23/01/2020;14000
540;24/01/2020;14000
541;27/01/2020;14000
542;28/01/2020;14000
543;29/01/2020;14000
544;30/01/2020;14000
545;31/01/2020;14000
546;03/02/2020;14000
547;04/02/2020;14000
548;05/02/2020;14000
549;06/02/2020;14000
550;07/02/2020;14000
551;10/02/2020;14050
552;11/02/2020;14000
553;12/02/2020;14000
554;13/02/2020;14050
555;14/02/2020;14050
556;17/02/2020;14150
557;18/02/2020;14200
558;19/02/2020;14250
559;20/02/2020;14300
560;21/02/2020;14300
561;24/02/2020;14350
562;25/02/2020;14400
563;26/02/2020;14450
564;27/02/2020;14500
565;28/02/2020;14500
566;02/03/2020;14700
567;03/03/2020;14950
568;04/03/2020;15200
569;05/03/2020;15550
570;06/03/2020;15800
571;09/03/2020;16400
572;10/03/2020;16350
573;11/03/2020;17400
574;12/03/2020;16550
575;13/03/2020;16600
576;16/03/2020;16700
577;17/03/2020;16750
578;18/03/2020;16900
579;19/03/2020;17000
580;20/03/2020;17100
581;23/03/2020;17450
582;24/03/2020;18850
583;25/03/2020;17400
584;26/03/2020;17900
585;27/03/2020;18000
586;30/03/2020;18250
587;31/03/2020;18350
588;01/04/2020;18400
589;02/04/2020;18350
590;03/04/2020;18500
591;06/04/2020;18500
592;07/04/2020;18500
593;08/04/2020;18550
594;09/04/2020;18550
595;10/04/2020;18750
596;13/04/2020;18600
597;14/04/2020;18600
598;15/04/2020;18700
599;16/04/2020;18700
600;17/04/2020;18650
601;20/04/2020;18550
602;21/04/2020;18550
603;22/04/2020;18550
604;23/04/2020;18500
605;24/04/2020;18500
606;27/04/2020;18350
607;28/04/2020;18350
608;29/04/2020;18250
609;30/04/2020;18250
610;01/05/2020;17000
611;04/05/2020;18000
612;05/05/2020;17950
613;06/05/2020;17900
614;07/05/2020;17400
615;08/05/2020;17850
616;11/05/2020;17600
617;12/05/2020;17550
618;13/05/2020;17500
619;14/05/2020;17450
620;15/05/2020;17400
621;18/05/2020;17300
622;19/05/2020;17250
623;20/05/2020;17150
624;21/05/2020;17300
625;22/05/2020;16350
626;25/05/2020;17250
627;26/05/2020;17000
628;27/05/2020;16950
629;28/05/2020;16900
630;29/05/2020;16850
631;01/06/2020;17050
632;02/06/2020;16700
633;03/06/2020;16600
634;04/06/2020;16450
635;05/06/2020;16350
636;08/06/2020;16200
637;09/06/2020;16100
638;10/06/2020;16100
639;11/06/2020;16000
640;12/06/2020;15950
641;15/06/2020;15750
642;16/06/2020;15700
643;17/06/2020;15600
644;18/06/2020;15550
645;19/06/2020;15500
646;22/06/2020;15350
647;23/06/2020;15350
648;24/06/2020;15250
649;25/06/2020;15250
650;26/06/2020;15200
651;29/06/2020;14950
652;30/06/2020;14900
653;01/07/2020;14850
654;02/07/2020;14700
655;03/07/2020;14650
656;06/07/2020;14550
657;07/07/2020;14500
658;08/07/2020;14450
659;09/07/2020;14450
660;10/07/2020;14350
661;13/07/2020;14250
662;14/07/2020;14250
663;15/07/2020;14200
664;16/07/2020;14150
665;17/07/2020;14050
666;20/07/2020;14000
667;21/07/2020;14000
668;22/07/2020;14000
669;23/07/2020;13950
670;24/07/2020;13950
671;27/07/2020;13950
672;28/07/2020;13900
673;29/07/2020;13900
674;30/07/2020;13900
675;31/07/2020;18000
676;03/08/2020;13900
677;04/08/2020;13900
678;05/08/2020;13900
679;06/08/2020;13850
680;07/08/2020;13900
681;10/08/2020;13850
682;11/08/2020;13850
683;12/08/2020;13850
684;13/08/2020;13850
685;14/08/2020;13850
686;17/08/2020;13150
687;18/08/2020;13800
688;19/08/2020;13800
689;20/08/2020;16950
690;21/08/2020;13650
691;24/08/2020;13750
692;25/08/2020;13700
693;26/08/2020;13700
694;27/08/2020;13700
695;28/08/2020;13700
696;31/08/2020;13700
697;01/09/2020;13700
698;02/09/2020;13650
699;03/09/2020;13700
700;04/09/2020;13700
701;07/09/2020;13650
702;08/09/2020;13600
703;09/09/2020;13600
704;10/09/2020;13600
705;11/09/2020;13600
706;14/09/2020;13600
707;15/09/2020;13600
708;16/09/2020;13550
709;17/09/2020;13550
710;18/09/2020;13550
711;21/09/2020;13550
712;22/09/2020;13500
713;23/09/2020;13500
714;24/09/2020;13500
715;25/09/2020;13500
716;28/09/2020;13500
717;29/09/2020;13450
718;30/09/2020;13450
719;01/10/2020;13450
720;02/10/2020;13450
721;05/10/2020;13450
722;06/10/2020;13450
723;07/10/2020;13450
724;08/10/2020;13450
725;09/10/2020;13450
726;12/10/2020;13450
727;13/10/2020;13450
728;14/10/2020;13450
729;15/10/2020;13450
730;16/10/2020;13450
731;19/10/2020;13450
732;20/10/2020;13450
733;21/10/2020;13450
734;22/10/2020;13400
735;23/10/2020;13400
736;26/10/2020;13400
737;27/10/2020;13400
738;28/10/2020;13650
739;29/10/2020;14250
740;30/10/2020;14050
741;02/11/2020;13450
742;03/11/2020;13450
743;04/11/2020;13450
744;05/11/2020;13450
745;06/11/2020;13450
746;09/11/2020;13450
747;10/11/2020;13450
748;11/11/2020;13450
749;12/11/2020;13450
750;13/11/2020;13450
751;16/11/2020;13450
752;17/11/2020;13500
753;18/11/2020;13500
754;19/11/2020;13500
755;20/11/2020;13450
756;23/11/2020;13450
757;24/11/2020;13450
758;25/11/2020;13450
759;26/11/2020;13450
760;27/11/2020;13450
761;30/11/2020;13450
762;01/12/2020;13450
763;02/12/2020;13450
764;03/12/2020;13450
765;04/12/2020;13450
766;07/12/2020;13450
767;08/12/2020;13450
768;09/12/2020;13700
769;10/12/2020;13450
770;11/12/2020;13450
771;14/12/2020;13450
772;15/12/2020;13450
773;16/12/2020;13450
774;17/12/2020;13450
775;18/12/2020;13450
776;21/12/2020;13450
777;22/12/2020;13500
778;23/12/2020;13450
779;24/12/2020;14500
780;25/12/2020;-
781;28/12/2020;13450
782;29/12/2020;13450
783;30/12/2020;13450
784;31/12/2020;13250
785;01/01/2021;-
786;04/01/2021;13500
787;05/01/2021;13500
788;06/01/2021;13500
789;07/01/2021;13500
790;08/01/2021;13500
791;11/01/2021;13500
792;12/01/2021;13500
793;13/01/2021;13500
794;14/01/2021;13500
795;15/01/2021;13500
796;18/01/2021;13550
797;19/01/2021;13550
798;20/01/2021;13550
799;21/01/2021;13500
800;22/01/2021;13500
801;25/01/2021;13500
802;26/01/2021;13500
803;27/01/2021;13500
804;28/01/2021;13500
805;29/01/2021;13500
806;01/02/2021;13500
807;02/02/2021;13500
808;03/02/2021;13450
809;04/02/2021;13450
810;05/02/2021;13450
811;08/02/2021;13450
812;09/02/2021;13450
813;10/02/2021;13450
814;11/02/2021;13450
815;12/02/2021;13150
816;15/02/2021;13450
817;16/02/2021;13450
818;17/02/2021;13450
819;18/02/2021;13450
820;19/02/2021;13450
821;22/02/2021;13400
822;23/02/2021;13400
823;24/02/2021;13400
824;25/02/2021;13400
825;26/02/2021;13400
826;01/03/2021;13450
827;02/03/2021;13450
828;03/03/2021;13450
829;04/03/2021;13450
830;05/03/2021;13400
831;08/03/2021;13400
832;09/03/2021;13400
833;10/03/2021;13400
834;11/03/2021;15550
835;12/03/2021;13400
836;15/03/2021;13350
837;16/03/2021;13350
838;17/03/2021;13350
839;18/03/2021;13350
840;19/03/2021;13350
841;22/03/2021;13350
842;23/03/2021;13350
843;24/03/2021;13350
844;25/03/2021;13350
845;26/03/2021;13350
846;29/03/2021;13350
847;30/03/2021;13350
848;31/03/2021;13450
849;01/04/2021;13350
850;02/04/2021;13500
851;05/04/2021;13350
852;06/04/2021;13350
853;07/04/2021;13350
854;08/04/2021;13350
855;09/04/2021;13350
856;12/04/2021;13350
857;13/04/2021;13350
858;14/04/2021;13350
859;15/04/2021;13350
860;16/04/2021;13350
861;19/04/2021;13350
862;20/04/2021;13350
863;21/04/2021;13350
864;22/04/2021;13350
865;23/04/2021;13350
866;26/04/2021;13350
867;27/04/2021;13350
868;28/04/2021;13350
869;29/04/2021;13350
870;30/04/2021;13350
871;03/05/2021;13350
872;04/05/2021;13400
873;05/05/2021;13400
874;06/05/2021;13400
875;07/05/2021;13400
876;10/05/2021;13400
877;11/05/2021;13350
878;12/05/2021;-
879;13/05/2021;-
880;14/05/2021;-
881;17/05/2021;13350
882;18/05/2021;13350
883;19/05/2021;13650
884;20/05/2021;13350
885;21/05/2021;13350
886;24/05/2021;13350
887;25/05/2021;13350
888;26/05/2021;13500
889;27/05/2021;13350
890;28/05/2021;13350
891;31/05/2021;13300
892;01/06/2021;14500
893;02/06/2021;13300
894;03/06/2021;13300
895;04/06/2021;13300
896;07/06/2021;13300
897;08/06/2021;13300
898;09/06/2021;13300
899;10/06/2021;13300
900;11/06/2021;13300
901;14/06/2021;13300
902;15/06/2021;13300
903;16/06/2021;13300
904;17/06/2021;13300
905;18/06/2021;13300
906;21/06/2021;13300
907;22/06/2021;13250
908;23/06/2021;13250
909;24/06/2021;13250
910;25/06/2021;13250
911;28/06/2021;13250
912;29/06/2021;13250
913;30/06/2021;13250
914;01/07/2021;13200
915;02/07/2021;13250
916;05/07/2021;13250
917;06/07/2021;13250
918;07/07/2021;13250
919;08/07/2021;13250
920;09/07/2021;13250
921;12/07/2021;13200
922;13/07/2021;13200
923;14/07/2021;13200
924;15/07/2021;13200
925;16/07/2021;13250
926;19/07/2021;13250
927;20/07/2021;14750
928;21/07/2021;13250
929;22/07/2021;13250
930;23/07/2021;13250
931;26/07/2021;13250
932;27/07/2021;13250
933;28/07/2021;13250
934;29/07/2021;13250
935;30/07/2021;13250
936;02/08/2021;13200
937;03/08/2021;13200
938;04/08/2021;13200
939;05/08/2021;13200
940;06/08/2021;13200
941;09/08/2021;13200
942;10/08/2021;13200
943;11/08/2021;12750
944;12/08/2021;13200
945;13/08/2021;13150
946;16/08/2021;13200
947;17/08/2021;14750
948;18/08/2021;13200
949;19/08/2021;13200
950;20/08/2021;13200
951;23/08/2021;13150
952;24/08/2021;13200
953;25/08/2021;13150
954;26/08/2021;13150
955;27/08/2021;13150
956;30/08/2021;13150
957;31/08/2021;13150
958;01/09/2021;13150
959;02/09/2021;13150
960;03/09/2021;13150
961;06/09/2021;13150
962;07/09/2021;13150
963;08/09/2021;13150
964;09/09/2021;13150
965;10/09/2021;13150
966;13/09/2021;13150
967;14/09/2021;13150
968;15/09/2021;13150
969;16/09/2021;13150
970;17/09/2021;13150
971;20/09/2021;13150
972;21/09/2021;13150
973;22/09/2021;13150
974;23/09/2021;13150
975;24/09/2021;13150
976;27/09/2021;13150
977;28/09/2021;13150
978;29/09/2021;13150
979;30/09/2021;13150
980;01/10/2021;13150
981;04/10/2021;13150
982;05/10/2021;13150
983;06/10/2021;13150
984;07/10/2021;13150
985;08/10/2021;13150
986;11/10/2021;13150
987;12/10/2021;13150
988;13/10/2021;13150
989;14/10/2021;13150
990;15/10/2021;13150
991;18/10/2021;13150
992;19/10/2021;13150
993;20/10/2021;13750
994;21/10/2021;13150
995;22/10/2021;13550
996;25/10/2021;13150
997;26/10/2021;13150
998;27/10/2021;13150
999;28/10/2021;13150
1000;29/10/2021;13150
1001;01/11/2021;13150
1002;02/11/2021;13150
1003;03/11/2021;13150
1004;04/11/2021;13200
1005;05/11/2021;13200
1006;08/11/2021;13200
1007;09/11/2021;13150
1008;10/11/2021;13200
1009;11/11/2021;13150
1010;12/11/2021;13150
1011;15/11/2021;13150
1012;16/11/2021;13150
1013;17/11/2021;13150
1014;18/11/2021;13150
1015;19/11/2021;13150
1016;22/11/2021;13150
1017;23/11/2021;13200
1018;24/11/2021;13200
1019;25/11/2021;13200
1020;26/11/2021;13200
1021;29/11/2021;13200
1022;30/11/2021;13200
1023;01/12/2021;13200
1024;02/12/2021;13200
1025;03/12/2021;13200
1026;06/12/2021;13200
1027;07/12/2021;13200
1028;08/12/2021;13200
1029;09/12/2021;13200
1030;10/12/2021;13250
1031;13/12/2021;13250
1032;14/12/2021;13250
1033;15/12/2021;13250
1034;16/12/2021;13250
1035;17/12/2021;13250
1036;20/12/2021;13250
1037;21/12/2021;13250
1038;22/12/2021;13300
1039;23/12/2021;13350
1040;24/12/2021;13350
1041;27/12/2021;13350
1042;28/12/2021;13300
1043;29/12/2021;13300
1044;30/12/2021;13300
1045;31/12/2021;13300
1046;03/01/2022;13350
1047;04/01/2022;13350
1048;05/01/2022;13350
1049;06/01/2022;13350
1050;07/01/2022;13350
1051;10/01/2022;13450
1052;11/01/2022;13550
1053;12/01/2022;13600
1054;13/01/2022;13750
1055;14/01/2022;13800
1056;17/01/2022;14000
1057;18/01/2022;14100
1058;19/01/2022;14100
1059;20/01/2022;14150
1060;21/01/2022;14150
1061;24/01/2022;14200
1062;25/01/2022;14200
1063;26/01/2022;14200
1064;27/01/2022;14200
1065;28/01/2022;14200
1066;31/01/2022;14200
1067;01/02/2022;13500
1068;02/02/2022;14200
1069;03/02/2022;14200
1070;04/02/2022;14200
1071;07/02/2022;14200
1072;08/02/2022;14200
1073;09/02/2022;14200
1074;10/02/2022;14200
1075;11/02/2022;14250
1076;14/02/2022;14200
1077;15/02/2022;14200
1078;16/02/2022;14200
1079;17/02/2022;14250
1080;18/02/2022;14200
1081;21/02/2022;14200
1082;22/02/2022;14200
1083;23/02/2022;14200
1084;24/02/2022;14200
1085;25/02/2022;14200
1086;28/02/2022;-
1087;01/03/2022;14200
1088;02/03/2022;14200
1089;03/03/2022;-
1090;04/03/2022;14200
1091;07/03/2022;14200
1092;08/03/2022;14200
1093;09/03/2022;14200
1094;10/03/2022;14200
1095;11/03/2022;14250
1096;14/03/2022;14250
1097;15/03/2022;14250
1098;16/03/2022;14300
1099;17/03/2022;14400
1100;18/03/2022;14350
1101;21/03/2022;14450
1102;22/03/2022;14500
1103;23/03/2022;14500
1104;24/03/2022;14500
1105;25/03/2022;14500
1106;28/03/2022;14600
1107;29/03/2022;14600
1108;30/03/2022;14600
1109;31/03/2022;14600
1110;01/04/2022;14700
1111;04/04/2022;14700
1112;05/04/2022;14700
1113;06/04/2022;14700
1114;07/04/2022;14700
1115;08/04/2022;14750
1116;11/04/2022;14750
1117;12/04/2022;14750
1118;13/04/2022;14800
1119;14/04/2022;14800
1120;15/04/2022;14450
1121;18/04/2022;14800
1122;19/04/2022;14800
1123;20/04/2022;14800
1124;21/04/2022;14800
1125;22/04/2022;14850
1126;25/04/2022;14800
1127;26/04/2022;14850
1128;27/04/2022;14850
1129;28/04/2022;14850
1130;29/04/2022;15000
1131;02/05/2022;-
1132;03/05/2022;-
1133;04/05/2022;14750
1134;05/05/2022;15400
1135;06/05/2022;15400
1136;09/05/2022;14850
1137;10/05/2022;14850
1138;11/05/2022;14850
1139;12/05/2022;14850
1140;13/05/2022;14850
1141;16/05/2022;14750
1142;17/05/2022;14850
1143;18/05/2022;14850
1144;19/05/2022;14850
1145;20/05/2022;14850
1146;23/05/2022;14800
1147;24/05/2022;14800
1148;25/05/2022;14800
1149;26/05/2022;-
1150;27/05/2022;14800
1151;30/05/2022;14800
1152;31/05/2022;14800
1153;01/06/2022;-
1154;02/06/2022;14750
1155;03/06/2022;14750
1156;06/06/2022;14750
1157;07/06/2022;14750
1158;08/06/2022;14750
1159;09/06/2022;14750
1160;10/06/2022;14750
1161;13/06/2022;14750
1162;14/06/2022;14750
1163;15/06/2022;14750
1164;16/06/2022;14750
1165;17/06/2022;14750
1166;20/06/2022;14700
1167;21/06/2022;14700
1168;22/06/2022;14650
1169;23/06/2022;14650
1170;24/06/2022;14650
1171;27/06/2022;14650
1172;28/06/2022;14650
1173;29/06/2022;14650
1174;30/06/2022;14650
1175;01/07/2022;14650
1176;04/07/2022;14600
1177;05/07/2022;14600
1178;06/07/2022;14600
1179;07/07/2022;14600
1180;08/07/2022;14600
1181;11/07/2022;14600
1182;12/07/2022;14600
1183;13/07/2022;14600
1184;14/07/2022;14600
1185;15/07/2022;14600
1186;18/07/2022;14550
1187;19/07/2022;14550
1188;20/07/2022;14550
1189;21/07/2022;14550
1190;22/07/2022;14550
1191;25/07/2022;14550
1192;26/07/2022;14550
1193;27/07/2022;14550
1194;28/07/2022;14550
1195;29/07/2022;14550
1196;01/08/2022;14550
1197;02/08/2022;14550
1198;03/08/2022;14550
1199;04/08/2022;14550
1200;05/08/2022;14550
1201;08/08/2022;14550
1202;09/08/2022;14650
1203;10/08/2022;14550
1204;11/08/2022;14550
1205;12/08/2022;14550
1206;15/08/2022;14500
1207;16/08/2022;14500
1208;17/08/2022;14650
1209;18/08/2022;14500
1210;19/08/2022;14500
1211;22/08/2022;14500
1212;23/08/2022;14500
1213;24/08/2022;14500
1214;25/08/2022;14500
1215;26/08/2022;14500
1216;29/08/2022;14500
1217;30/08/2022;14500
1218;31/08/2022;14500
1219;01/09/2022;14500
1220;02/09/2022;14500
1221;05/09/2022;14500
1222;06/09/2022;14450
1223;07/09/2022;14500
1224;08/09/2022;14500
1225;09/09/2022;14500
1226;12/09/2022;14500
1227;13/09/2022;14650
1228;14/09/2022;14500
1229;15/09/2022;14500
1230;16/09/2022;14500
1231;19/09/2022;14450
1232;20/09/2022;14450
1233;21/09/2022;14450
1234;22/09/2022;14450
1235;23/09/2022;14450
1236;26/09/2022;14450
1237;27/09/2022;14450
1238;28/09/2022;14450
1239;29/09/2022;14450
1240;30/09/2022;14450
1241;03/10/2022;14450
1242;04/10/2022;14450
1243;05/10/2022;14450
1244;06/10/2022;14450
1245;07/10/2022;14450
1246;10/10/2022;14450
1247;11/10/2022;14450
1248;12/10/2022;14400
1249;13/10/2022;14400
1250;14/10/2022;14400
1251;17/10/2022;14400
1252;18/10/2022;14400
1253;19/10/2022;14400
1254;20/10/2022;14400
1255;21/10/2022;14400
1256;24/10/2022;14400
1257;25/10/2022;14400
1258;26/10/2022;14400
1259;27/10/2022;14400
1260;28/10/2022;14400
1261;31/10/2022;14400
1262;01/11/2022;14400
1263;02/11/2022;14400
1264;03/11/2022;14400
1265;04/11/2022;14350
1266;07/11/2022;14400
1267;08/11/2022;14400
1268;09/11/2022;14400
1269;10/11/2022;14350
1270;11/11/2022;14400
1271;14/11/2022;14400
1272;15/11/2022;14400
1273;16/11/2022;14400
1274;17/11/2022;14400
1275;18/11/2022;14400
1276;21/11/2022;14400
1277;22/11/2022;14400
1278;23/11/2022;14400
1279;24/11/2022;14400
1280;25/11/2022;14400
1281;28/11/2022;14400
1282;29/11/2022;14400
1283;30/11/2022;14400
1284;01/12/2022;15000
1285;02/12/2022;14400
1286;05/12/2022;14400
1287;06/12/2022;14400
1288;07/12/2022;14400
1289;08/12/2022;14400
1290;09/12/2022;14400
1291;12/12/2022;14400
1292;13/12/2022;14400
1293;14/12/2022;14400
1294;15/12/2022;14400
1295;16/12/2022;14400
1296;19/12/2022;14400
1297;20/12/2022;14400
1298;21/12/2022;14400
1299;22/12/2022;14400
1300;23/12/2022;14400
1301;26/12/2022;14400
1302;27/12/2022;14400
1303;28/12/2022;14400
1304;29/12/2022;14350
1305;30/12/2022;14350
